{"cameraMode":{"drawMode":0,"name":"Shaded","section":"Shading Mode"},"sceneLighting":false,"audioPlay":false,"sceneViewState":{"m_AlwaysRefresh":false,"showFog":true,"showSkybox":true,"showFlares":true,"showImageEffects":true,"showParticleSystems":true,"showVisualEffectGraphs":true,"m_FxEnabled":true},"in2DMode":false,"pivot":{"x":11.868000030517579,"y":1.4244110584259034,"z":0.12200021743774414},"rotation":{"x":0.19558212161064149,"y":0.6863756775856018,"z":-0.19997426867485047,"w":0.6713021993637085},"size":12.12435531616211,"orthographic":false}